searched_for,user_name,post_hashtags,likes_count,post_link,post_caption,image_description
##gatos,comunicacontusgatos,[],18400,https://www.instagram.com/p/DU8ePdnjWUC/,"Cuando muere un gato, muchas personas sienten que “algo se rompió por dentro”.
Y no es una frase poética.
Es una experiencia neurobiológica real.
Tu gato no era solo compañía.
Era una fuente constante de co-regulación.
¿Qué significa eso?
El sistema nervioso humano se regula en vínculo.
A través del contacto, la rutina, el sonido, la presencia.
El ronroneo favorece estados de calma.
El acto de acariciar disminuye cortisol.
La previsibilidad de su rutina genera seguridad interna.
Durante años, tu cuerpo aprendió:
“Con él o con ella estoy a salvo.”
Cuando ese cuerpo ya no está, el sistema nervioso lo registra como pérdida de seguridad.
No es exageración.
Es desregulación.
Y si además existen historias tempranas de abandono, ausencias o pérdidas no resueltas, la despedida de tu gato puede reactivar memorias antiguas almacenadas en el cuerpo.
Por eso no se trata de “superarlo”. Se trata de regularte. De integrar el vínculo sin que tu mundo interno se derrumbe.
Tu dolor no es debilidad. Es evidencia de que hubo apego, conexión y seguridad real.
Si esto te hizo sentido, respóndeme:
¿qué cambió en tu mundo interno cuando tu gato se fue?
Te leo con infinito amor, yo también se que es pasar por esto🐱🖤🙏🏽","Photo by Final de Vida & Duelo para tutores y sus 🐱 on February 19, 2026. May be a meme of kitten."
##gatos,comunicacontusgatos,"['#Comunicacionanimal', '#duelofelino', '#gatos', '#acompañamientoenduelo']",20700,https://www.instagram.com/p/DV4uKs-DGvn/,"A veces me preguntan por qué duele tanto. Por qué el duelo por un gato parece un abismo que no termina.
Y la respuesta es simple, aunque duela: porque con ellos no firmamos un contrato de ""mascota y dueño"". Con ellos firmamos un pacto de presencia absoluta.
Ellos no te piden que seas perfecto, ni que seas productivo, ni que tengas todas las respuestas. Solo te piden que estés. Y a cambio, te entregan un amor que no conoce de ego, solo de energía y sintonía.
Por eso, cuando su cuerpo físico se apaga, sentimos que se nos rompe el corazón. Pero no es una rotura de ""daño"", es una rotura de apertura.
Tu ❤️ se tuvo que hacer más grande para que ese amor tan puro cupiera dentro.
No te sientas mal por sentir que el mundo se detuvo. No te disculpes por llorar a quien fue tu espejo más honesto.
Si hoy te duele, es porque amaste de verdad. Y en este mundo mi querido tutor, amar así es el acto más valiente que existe.
¿Tú también lo volverías a elegir a pesar del dolor? Cuéntame cómo te cambió la vida. 👇te leo con amor 🖤🐱.
#Comunicacionanimal#duelofelino#gatos#acompañamientoenduelo","Photo by Final de Vida & Duelo para tutores y sus 🐱 on March 14, 2026. May be a meme of heart and text that says 'Si no quieres que te rompan el corazón un día -no tengas un GATO. GATO. ¡Deslizá! @comunicacontusgatos'."
##gatos,michito.historias,"['gatos', 'humor', 'michis', 'risas', 'gracioso', 'comedia', 'mascotas', 'gatitos']",71800,https://www.instagram.com/p/DWekiFKAm-g/,"UN DÍA MUY EXTRAÑO en la vida Gatito
👉 Síguenos para más gatitos
#gatos#humor#michis#risas#gracioso#comedia#mascotas#gatitos",Information not available
##gatos,agroalimentospereira,[],8700,https://www.instagram.com/p/DXxpVbbFEby/,"1️⃣ No te estoy asustando… solo estoy intentando decirte “te amo” en mi idioma.❤️ 2️⃣ Porque en mi mundo… compartir lo que cazo es lo más valioso que tengo…y tú eres todo para mí.🥹 3️⃣ Yo no traigo “cosas raras”… te traigo mis trofeos… mis logros… mi orgullo.🦋 4️⃣ Para ti es un bicho… para mí es una misión cumplida con todo mi corazón.🐛 5️⃣ No es por molestar… es instinto, es naturaleza… es lo que soy.🧠 6️⃣ Sé que haces cara rara… pero mírame bien…estoy tratando de cuidarte.👀 7️⃣ Cuando te dejo un “regalo”… no es casualidad…es porque confío en ti más que en nadie.🐱 8️⃣ Y aunque no lo entiendas… todo lo que hago…es porque te elegí como mi humano.💚 9️⃣ 🫶 Así que la próxima vez… no me regañes…solo recuerda: te estoy amando a mi manera.","Photo by AGROALIMENTOS PEREIRA on April 30, 2026. May be a doodle of kitten, mouse pad and text that says '¿Por qué te traigo 'regalos' sinis si ni siquiera te gustan?'."
##gatos,lagumiau_studio,"['michis', 'gatos', 'amorgatuno', 'mascotas', 'alimentacion']",3300,https://www.instagram.com/p/DXuZJorjVRt/,"🔊 RUIDOS FUERTES
Los gatos tienen oído muy sensible.
👉 Sonidos intensos les generan estrés y miedo inmediato.
👥 EXTRAÑOS Y VISITAS
No confían fácilmente.
👉 La presencia de desconocidos puede hacer que se escondan o se sientan inseguros.
🍊 OLORES FUERTES
Su olfato es mucho más potente que el nuestro.
👉 Aromas como cítricos o químicos les resultan molestos o irritantes.
🐶 OTROS ANIMALES
Son territoriales por naturaleza.
👉 Pueden percibir a otros animales como amenaza o invasión.
✋ QUE LO OBLIGUEN
No les gusta perder el control.
👉 Forzarlos genera rechazo, estrés y desconfianza.
🔄 CAMBIOS BRUSCOS
Aman la rutina.
👉 Cambios repentinos afectan su seguridad y estabilidad emocional.
👉 Si quieres cuidar mejor a tu gato desde lo más importante, su alimentación, entra al link de mi perfil y descubre mi ebook con recetas saludables para gatos. 📘🐈‍⬛
#michis#gatos#amorgatuno#mascotas#alimentacion","Photo by LaguMiau_Studio on April 29, 2026. May be an image of poster and text that says 'COSAS QUE LOS GATOS ODIAN/ RUIDOS FUERTES OTROS ANIMALES X EXTRAÑOS VISITAS QUE QUELO LO OBLIGUEN X OLORES FUERTES RESPETA SU MUNDO, GANA SU CONFIANZA. CAMBIOS BRUSCOS LaGUMIAU STUDIO'."
##gatos,michi_reptiliano_,"['gatos', 'gato', 'mascotas']",27500,https://www.instagram.com/p/DVTlOWYEdWw/,¿Cuál prefieren? #gatos#gato#mascotas,"Photo by Michi Reptiliano on February 28, 2026. May be a meme of kitten."
##gatos,_awakened_minds_x,"['gatos', 'frecuencias', 'energia', 'misterios', 'despertarconciencia']",445300,https://www.instagram.com/p/DV2Z03XiYN0/,"🐱✨ Tu gato no solo te acompaña… podría estar sanándote.
Pocas personas saben esto, pero el ronroneo de los gatos vibra entre 25 y 140 Hz, una frecuencia que varios estudios relacionan con regeneración celular, reducción de inflamación y fortalecimiento de los huesos. 🧬
Curiosamente…
los gatos casi nunca sufren fracturas graves ni problemas óseos.
¿Coincidencia? 🤔
Algunos científicos creen que su propio cuerpo funciona como un sistema natural de auto-reparación gracias a esas vibraciones.
Y ahora piensa en algo…
¿Te ha pasado que tu gato insiste en acostarse justo donde te duele?
Espalda… pecho… estómago… cabeza…
No es casualidad. 🐾
Muchos creen que los gatos detectan cambios energéticos en el cuerpo humano y aplican su ronroneo exactamente donde tu cuerpo lo necesita.
Como si fueran una especie de bio-terapia vibracional natural.
Durante siglos, en distintas culturas se pensó que los gatos eran guardianes de energía o incluso sanadores silenciosos.
Tal vez la verdadera pregunta es…
¿y si los gatos saben algo sobre la frecuencia de curación que nosotros hemos olvidado? 🔊✨
Cuéntame en los comentarios👇
¿Tu gato también se acuesta justo donde te duele? 👀
#gatos#frecuencias#energia#misterios#despertarconciencia",Information not available (the post is a video).
##gatos,tongosdraws,"['gatos', 'gato', 'gatosinstagram', 'ilustracion', 'cats']",87200,https://www.instagram.com/p/DXUhru3FvXH/,"Encontraste tu gatito en el vídeo? 🥺🐱🐈‍⬛🐈 déjamelo saber en comentarios ❤️ Hay amores que no hacen ruido… solo se quedan. 🐱🤍 Con los años, nuestros gatitos cambian de una forma tan silenciosa que a veces casi no lo notamos: duermen más, buscan el solecito, caminan más despacito y empiezan a elegir estar cada vez más cerquita de nosotros🐈‍⬛🤍🧶 Y aunque sus pasos ya no sean los mismos, su amor sigue intacto. Más suave, más profundo, más lleno de historia✨❤️‍🔥 Si tienes un gatito viejito en tu vida, abrázalo suave hoy. Cada ronroneo, cada siesta a tu lado y cada mirada son un regalo. ✨🤍🐈‍⬛⚡️ (No pude ponerlos a todos pero juro que los vi a rodeos y son muy hermosos, gracias a cada uno de uds por enviarme y compartirme a sus bebés) ❤️❤️❤️❤️",Information not available in the provided webpage content.
##gatos,miamiguitopeludo,"['mascotas', 'mascotasdeinstagram', 'gatos', 'gatosdeinstagram']",118100,https://www.instagram.com/p/DVBnuHjESTn/,"🐱 “Humano, necesito tu ayuda…”
💧 No tomo mucha agua → agrega una cucharadita de caldo de pollo casero sin sal a mi agua para incentivar mi hidratación.
☀️ Hace calor → puedes darme cubitos de caldo casero como premio ocasional para refrescarme.
🌿 Me rasco mucho → un poquito de aceite de oliva con unas gotitas de manzanilla en patitas o pancita puede calmar mi piel.
🧼 No me gusta bañarme → limpiame con un paño húmedo y manzanilla para evitar estrés.
✨ Mi pelaje no brilla → 2 gotitas de aceite de pescado o un poco de sardina aportan omega 3 y mejoran piel y pelaje.
Pequeños cambios naturales hacen grandes diferencias 🐾 ❤️
Si quieres aprender más, creé una guía nutricional con más de 450 recetas para perros y gatos en todas las etapas. ✨
🙋🏻‍♀️ Comenta ""YO"" para enviarte toda la información.
#mascotas#mascotasdeinstagram#gatos#gatosdeinstagram","Information unavailable (the post contains a video/reel, but no specific visual description or alternative text for the content is provided in the webpage markdown)."
##gatos,joselecats,"['gatos', 'michis', 'gatosespaña', 'amorgatuno', 'familiagatuna']",40000,https://www.instagram.com/p/DYE7rsQDI3U/,"Los que dicen “es solo un gato” nunca han tenido uno tumbado encima de sus heridas.
Nunca han llegado hechos polvo a casa… y han sentido cómo alguien se quedaba a su lado sin pedir explicaciones.
Sin juzgar.
Sin irse.
Porque hay gatos que notan que no estás bien incluso antes que tú.
Que se tumban sobre tu pecho como si intentaran arreglar todo lo que llevas roto por dentro.
Y sin decir una sola palabra, consiguen darte más paz que muchas personas.
Quien convive con un gato sabe que nunca es “solo un gato”.
Es refugio.
Compañía.
Hogar. 🤍
¿El tuyo también aparece justo cuando peor estás? 🐾","Photo by Jose L. González | Vida con gatos on May 08, 2026. May be an illustration of kitten, poster and text that says 'LOS LOSQUEDICEN QUE DICEN 'ES SOLO UN GATO' nunca sintieron uno acostarse encima de sus heridas @joselecats oselecats'."
